{"cameraMode":{"drawMode":0,"name":"Shaded","section":"Shading Mode"},"sceneLighting":false,"audioPlay":false,"sceneViewState":{"m_AlwaysRefresh":false,"showFog":false,"showSkybox":false,"showFlares":false,"showImageEffects":false,"showParticleSystems":false,"showVisualEffectGraphs":true,"m_FxEnabled":true},"in2DMode":false,"pivot":{"x":0.2960052490234375,"y":0.10007071495056153,"z":-0.09731900691986084},"rotation":{"x":-0.07923449575901032,"y":-0.914903461933136,"z":0.20902299880981446,"w":-0.34162476658821108},"size":1.2320239543914796,"orthographic":false}